{"cameraMode":{"drawMode":0,"name":"Shaded","section":"Shading Mode"},"sceneLighting":true,"audioPlay":false,"sceneViewState":{"showFog":true,"showMaterialUpdate":true,"showSkybox":true,"showFlares":true,"showImageEffects":true,"showParticleSystems":true},"in2DMode":false,"pivot":{"x":-0.14959716796875,"y":-29.943069458007814,"z":61.991886138916019},"rotation":{"x":-0.5032902956008911,"y":-0.20403967797756196,"z":0.12364605069160462,"w":-0.830532431602478},"size":71.98306274414063,"orthographic":false}